sample_id	I1	I2	R1	R2	negative_R2_leading	positive_R2_leading	negative_R1_trailing	positive_R1_trailing
Jing_Max112625_10_SBDSP1_minus		/Users/timbarry/research_offsite/external/scratch/guideseq_sbds/Jing_Max112625_10_SBDSP1_minus_UMI.fastq	/Users/timbarry/research_offsite/external/scratch/guideseq_sbds/Jing_Max112625_10_SBDSP1_minus_R1.fastq	/Users/timbarry/research_offsite/external/scratch/guideseq_sbds/Jing_Max112625_10_SBDSP1_minus_R2.fastq	TTGAGTTGTCATATGTTAATAACGGTAT	ACATATGACAACTCAATTAAAC	ATACCGTTATTAACATATGACAACTCAA	GTTTAATTGAGTTGTCATATGT
Jing_Max112625_10_SBDSP1_plus		/Users/timbarry/research_offsite/external/scratch/guideseq_sbds/Jing_Max112625_10_SBDSP1_plus_UMI.fastq	/Users/timbarry/research_offsite/external/scratch/guideseq_sbds/Jing_Max112625_10_SBDSP1_plus_R1.fastq	/Users/timbarry/research_offsite/external/scratch/guideseq_sbds/Jing_Max112625_10_SBDSP1_plus_R2.fastq	TTGAGTTGTCATATGTTAATAACGGTAT	ACATATGACAACTCAATTAAAC	ATACCGTTATTAACATATGACAACTCAA	GTTTAATTGAGTTGTCATATGT
Jing_Max112625_1_SBDSP1_minus		/Users/timbarry/research_offsite/external/scratch/guideseq_sbds/Jing_Max112625_1_SBDSP1_minus_UMI.fastq	/Users/timbarry/research_offsite/external/scratch/guideseq_sbds/Jing_Max112625_1_SBDSP1_minus_R1.fastq	/Users/timbarry/research_offsite/external/scratch/guideseq_sbds/Jing_Max112625_1_SBDSP1_minus_R2.fastq	TTGAGTTGTCATATGTTAATAACGGTAT	ACATATGACAACTCAATTAAAC	ATACCGTTATTAACATATGACAACTCAA	GTTTAATTGAGTTGTCATATGT
Jing_Max112625_1_SBDSP1_plus		/Users/timbarry/research_offsite/external/scratch/guideseq_sbds/Jing_Max112625_1_SBDSP1_plus_UMI.fastq	/Users/timbarry/research_offsite/external/scratch/guideseq_sbds/Jing_Max112625_1_SBDSP1_plus_R1.fastq	/Users/timbarry/research_offsite/external/scratch/guideseq_sbds/Jing_Max112625_1_SBDSP1_plus_R2.fastq	TTGAGTTGTCATATGTTAATAACGGTAT	ACATATGACAACTCAATTAAAC	ATACCGTTATTAACATATGACAACTCAA	GTTTAATTGAGTTGTCATATGT
Jing_Max112625_11_dsODN_only_minus		/Users/timbarry/research_offsite/external/scratch/guideseq_sbds/Jing_Max112625_11_dsODN_only_minus_UMI.fastq	/Users/timbarry/research_offsite/external/scratch/guideseq_sbds/Jing_Max112625_11_dsODN_only_minus_R1.fastq	/Users/timbarry/research_offsite/external/scratch/guideseq_sbds/Jing_Max112625_11_dsODN_only_minus_R2.fastq	TTGAGTTGTCATATGTTAATAACGGTAT	ACATATGACAACTCAATTAAAC	ATACCGTTATTAACATATGACAACTCAA	GTTTAATTGAGTTGTCATATGT
Jing_Max112625_11_dsODN_only_plus		/Users/timbarry/research_offsite/external/scratch/guideseq_sbds/Jing_Max112625_11_dsODN_only_plus_UMI.fastq	/Users/timbarry/research_offsite/external/scratch/guideseq_sbds/Jing_Max112625_11_dsODN_only_plus_R1.fastq	/Users/timbarry/research_offsite/external/scratch/guideseq_sbds/Jing_Max112625_11_dsODN_only_plus_R2.fastq	TTGAGTTGTCATATGTTAATAACGGTAT	ACATATGACAACTCAATTAAAC	ATACCGTTATTAACATATGACAACTCAA	GTTTAATTGAGTTGTCATATGT
Jing_Max112625_2_dsODN_only_minus		/Users/timbarry/research_offsite/external/scratch/guideseq_sbds/Jing_Max112625_2_dsODN_only_minus_UMI.fastq	/Users/timbarry/research_offsite/external/scratch/guideseq_sbds/Jing_Max112625_2_dsODN_only_minus_R1.fastq	/Users/timbarry/research_offsite/external/scratch/guideseq_sbds/Jing_Max112625_2_dsODN_only_minus_R2.fastq	TTGAGTTGTCATATGTTAATAACGGTAT	ACATATGACAACTCAATTAAAC	ATACCGTTATTAACATATGACAACTCAA	GTTTAATTGAGTTGTCATATGT
Jing_Max112625_2_dsODN_only_plus		/Users/timbarry/research_offsite/external/scratch/guideseq_sbds/Jing_Max112625_2_dsODN_only_plus_UMI.fastq	/Users/timbarry/research_offsite/external/scratch/guideseq_sbds/Jing_Max112625_2_dsODN_only_plus_R1.fastq	/Users/timbarry/research_offsite/external/scratch/guideseq_sbds/Jing_Max112625_2_dsODN_only_plus_R2.fastq	TTGAGTTGTCATATGTTAATAACGGTAT	ACATATGACAACTCAATTAAAC	ATACCGTTATTAACATATGACAACTCAA	GTTTAATTGAGTTGTCATATGT
Jing_Max121925_1_SBDSP1_minus		/Users/timbarry/research_offsite/external/scratch/guideseq_sbds/Jing_Max121925_1_SBDSP1_minus_UMI_9bp.fastq	/Users/timbarry/research_offsite/external/scratch/guideseq_sbds/Jing_Max121925_1_SBDSP1_minus_R1.fastq	/Users/timbarry/research_offsite/external/scratch/guideseq_sbds/Jing_Max121925_1_SBDSP1_minus_R2.fastq	TTGAGTTGTCATATGTTAATAACGGTAT	ACATATGACAACTCAATTAAAC	ATACCGTTATTAACATATGACAACTCAA	GTTTAATTGAGTTGTCATATGT
Jing_Max121925_1_SBDSP1_plus		/Users/timbarry/research_offsite/external/scratch/guideseq_sbds/Jing_Max121925_1_SBDSP1_plus_UMI_9bp.fastq	/Users/timbarry/research_offsite/external/scratch/guideseq_sbds/Jing_Max121925_1_SBDSP1_plus_R1.fastq	/Users/timbarry/research_offsite/external/scratch/guideseq_sbds/Jing_Max121925_1_SBDSP1_plus_R2.fastq	TTGAGTTGTCATATGTTAATAACGGTAT	ACATATGACAACTCAATTAAAC	ATACCGTTATTAACATATGACAACTCAA	GTTTAATTGAGTTGTCATATGT
Jing_Max121925_2_dsODN_only_minus		/Users/timbarry/research_offsite/external/scratch/guideseq_sbds/Jing_Max121925_2_dsODN_only_minus_UMI_9bp.fastq	/Users/timbarry/research_offsite/external/scratch/guideseq_sbds/Jing_Max121925_2_dsODN_only_minus_R1.fastq	/Users/timbarry/research_offsite/external/scratch/guideseq_sbds/Jing_Max121925_2_dsODN_only_minus_R2.fastq	TTGAGTTGTCATATGTTAATAACGGTAT	ACATATGACAACTCAATTAAAC	ATACCGTTATTAACATATGACAACTCAA	GTTTAATTGAGTTGTCATATGT
Jing_Max121925_2_dsODN_only_plus		/Users/timbarry/research_offsite/external/scratch/guideseq_sbds/Jing_Max121925_2_dsODN_only_plus_UMI_9bp.fastq	/Users/timbarry/research_offsite/external/scratch/guideseq_sbds/Jing_Max121925_2_dsODN_only_plus_R1.fastq	/Users/timbarry/research_offsite/external/scratch/guideseq_sbds/Jing_Max121925_2_dsODN_only_plus_R2.fastq	TTGAGTTGTCATATGTTAATAACGGTAT	ACATATGACAACTCAATTAAAC	ATACCGTTATTAACATATGACAACTCAA	GTTTAATTGAGTTGTCATATGT
